idx,username,pwd
1,u001,cleanrcode001
2,u002,cleanrcode002
3,u003,cleanrcode003
4,u004,cleanrcode004
5,u005,cleanrcode005
6,u006,cleanrcode006
7,u007,cleanrcode007
8,u008,cleanrcode008
9,u009,cleanrcode009
10,u010,cleanrcode010
11,u011,cleanrcode011
12,u012,cleanrcode012
13,u013,cleanrcode013
14,u014,cleanrcode014
15,u015,cleanrcode015
16,u016,cleanrcode016
17,u017,cleanrcode017
18,u018,cleanrcode018
19,u019,cleanrcode019
20,u020,cleanrcode020
21,u021,cleanrcode021
22,u022,cleanrcode022
23,u023,cleanrcode023
24,u024,cleanrcode024
25,u025,cleanrcode025
26,u026,cleanrcode026
27,u027,cleanrcode027
28,u028,cleanrcode028
29,u029,cleanrcode029
30,u030,cleanrcode030
31,u031,cleanrcode031
32,u032,cleanrcode032
33,u033,cleanrcode033
34,u034,cleanrcode034
35,u035,cleanrcode035
36,u036,cleanrcode036
37,u037,cleanrcode037
38,u038,cleanrcode038
39,u039,cleanrcode039
40,u040,cleanrcode040
41,u041,cleanrcode041
42,u042,cleanrcode042
43,u043,cleanrcode043
44,u044,cleanrcode044
45,u045,cleanrcode045
46,u046,cleanrcode046
47,u047,cleanrcode047
48,u048,cleanrcode048
49,u049,cleanrcode049
50,u050,cleanrcode050
51,u051,cleanrcode051
52,u052,cleanrcode052
53,u053,cleanrcode053
54,u054,cleanrcode054
55,u055,cleanrcode055
56,u056,cleanrcode056
57,u057,cleanrcode057
58,u058,cleanrcode058
59,u059,cleanrcode059
60,u060,cleanrcode060
61,u061,cleanrcode061
62,u062,cleanrcode062
63,u063,cleanrcode063
64,u064,cleanrcode064
65,u065,cleanrcode065
66,u066,cleanrcode066
67,u067,cleanrcode067
68,u068,cleanrcode068
69,u069,cleanrcode069
70,u070,cleanrcode070
71,u071,cleanrcode071
72,u072,cleanrcode072
73,u073,cleanrcode073
74,u074,cleanrcode074
75,u075,cleanrcode075
76,u076,cleanrcode076
77,u077,cleanrcode077
78,u078,cleanrcode078
79,u079,cleanrcode079
80,u080,cleanrcode080
81,u081,cleanrcode081
82,u082,cleanrcode082
83,u083,cleanrcode083
84,u084,cleanrcode084
85,u085,cleanrcode085
86,u086,cleanrcode086
87,u087,cleanrcode087
88,u088,cleanrcode088
89,u089,cleanrcode089
90,u090,cleanrcode090
91,u091,cleanrcode091
92,u092,cleanrcode092
93,u093,cleanrcode093
94,u094,cleanrcode094
95,u095,cleanrcode095
96,u096,cleanrcode096
97,u097,cleanrcode097
98,u098,cleanrcode098
99,u099,cleanrcode099
100,u100,cleanrcode100
