username,pwd
u001,cleanrcode001
u002,cleanrcode002
u003,cleanrcode003
u004,cleanrcode004
u005,cleanrcode005
u006,cleanrcode006
u007,cleanrcode007
u008,cleanrcode008
u009,cleanrcode009
u010,cleanrcode010
u011,cleanrcode011
u012,cleanrcode012
u013,cleanrcode013
u014,cleanrcode014
u015,cleanrcode015
u016,cleanrcode016
u017,cleanrcode017
u018,cleanrcode018
u019,cleanrcode019
u020,cleanrcode020
u021,cleanrcode021
u022,cleanrcode022
u023,cleanrcode023
u024,cleanrcode024
u025,cleanrcode025
u026,cleanrcode026
u027,cleanrcode027
u028,cleanrcode028
u029,cleanrcode029
u030,cleanrcode030
u031,cleanrcode031
u032,cleanrcode032
u033,cleanrcode033
u034,cleanrcode034
u035,cleanrcode035
u036,cleanrcode036
u037,cleanrcode037
u038,cleanrcode038
u039,cleanrcode039
u040,cleanrcode040
u041,cleanrcode041
u042,cleanrcode042
u043,cleanrcode043
u044,cleanrcode044
u045,cleanrcode045
u046,cleanrcode046
u047,cleanrcode047
u048,cleanrcode048
u049,cleanrcode049
u050,cleanrcode050
u051,cleanrcode051
u052,cleanrcode052
u053,cleanrcode053
u054,cleanrcode054
u055,cleanrcode055
u056,cleanrcode056
u057,cleanrcode057
u058,cleanrcode058
u059,cleanrcode059
u060,cleanrcode060
u061,cleanrcode061
u062,cleanrcode062
u063,cleanrcode063
u064,cleanrcode064
u065,cleanrcode065
u066,cleanrcode066
u067,cleanrcode067
u068,cleanrcode068
u069,cleanrcode069
u070,cleanrcode070
u071,cleanrcode071
u072,cleanrcode072
u073,cleanrcode073
u074,cleanrcode074
u075,cleanrcode075
u076,cleanrcode076
u077,cleanrcode077
u078,cleanrcode078
u079,cleanrcode079
u080,cleanrcode080
u081,cleanrcode081
u082,cleanrcode082
u083,cleanrcode083
u084,cleanrcode084
u085,cleanrcode085
u086,cleanrcode086
u087,cleanrcode087
u088,cleanrcode088
u089,cleanrcode089
u090,cleanrcode090
u091,cleanrcode091
u092,cleanrcode092
u093,cleanrcode093
u094,cleanrcode094
u095,cleanrcode095
u096,cleanrcode096
u097,cleanrcode097
u098,cleanrcode098
u099,cleanrcode099
u100,cleanrcode100
